chain,resi,resn,distance_A
A,104,THR,47.561
A,105,HIS,46.112
A,106,VAL,46.429
A,107,GLN,45.052
A,108,GLY,41.765
A,109,ARG,41.809
A,110,VAL,41.748
A,111,TYR,39.297
A,112,ASN,36.852
A,113,PHE,37.584
A,114,LEU,36.766
A,115,GLU,34.513
A,116,ARG,32.208
A,117,PRO,32.367
A,118,THR,31.502
A,119,GLY,32.784
A,120,TRP,34.147
A,121,LYS,37.089
A,122,CYS,34.919
A,123,PHE,32.395
A,124,VAL,35.144
A,125,TYR,36.25
A,126,HIS,32.919
A,127,PHE,31.654
A,128,ALA,34.734
A,129,VAL,34.184
A,130,PHE,30.492
A,131,LEU,31.414
A,132,ILE,33.962
A,133,VAL,31.802
A,134,LEU,28.853
A,135,VAL,31.085
A,136,CYS,32.293
A,137,LEU,28.723
A,138,ILE,27.918
A,139,PHE,30.698
A,140,SER,29.365
A,141,VAL,26.018
A,142,LEU,27.728
A,143,SER,29.688
A,144,THR,26.61
A,145,ILE,25.482
A,146,GLU,26.868
A,147,GLN,28.297
A,148,TYR,30.311
A,149,ALA,31.183
A,150,ALA,34.74
A,151,LEU,35.535
A,152,ALA,33.729
A,153,THR,35.647
A,154,GLY,39.026
A,155,THR,38.421
A,156,LEU,36.845
A,157,PHE,39.944
A,158,TRP,42.016
A,159,MET,39.423
A,160,GLU,39.218
A,161,ILE,42.989
A,162,VAL,42.806
A,163,LEU,39.853
A,164,VAL,41.566
A,165,VAL,44.557
A,166,PHE,42.375
A,167,PHE,40.079
A,168,GLY,43.12
A,169,THR,44.754
A,170,GLU,41.593
A,171,TYR,41.23
A,172,VAL,44.843
A,173,VAL,44.411
A,174,ARG,41.118
A,175,LEU,42.752
A,176,TRP,45.609
A,177,SER,43.388
A,178,ALA,41.125
A,179,GLY,43.744
A,180,CYS,42.368
A,181,ARG,39.656
A,182,SER,40.945
A,183,LYS,39.623
A,184,TYR,41.726
A,185,VAL,45.025
A,186,GLY,48.019
A,187,LEU,48.814
A,188,TRP,46.668
A,189,GLY,43.905
A,190,ARG,44.192
A,191,LEU,43.953
A,192,ARG,40.885
A,193,PHE,39.459
A,194,ALA,40.081
A,195,ARG,38.31
A,196,LYS,34.776
A,197,PRO,32.602
A,198,ILE,32.109
A,199,SER,35.909
A,200,ILE,36.274
A,201,ILE,33.741
A,202,ASP,35.828
A,203,LEU,39.036
A,204,ILE,37.617
A,205,VAL,36.378
A,206,VAL,39.804
A,207,VAL,41.925
A,208,ALA,39.714
A,209,SER,39.832
A,210,MET,43.618
A,211,VAL,43.493
A,212,VAL,41.061
A,213,LEU,43.017
A,214,CYS,46.28
A,215,VAL,45.06
A,216,GLY,42.845
A,217,SER,45.614
A,218,LYS,47.032
A,223,ALA,39.738
A,224,THR,36.071
A,225,SER,35.893
A,226,ALA,37.565
A,227,ILE,34.6
A,228,ARG,32.371
A,229,GLY,34.274
A,230,ILE,34.228
A,231,ARG,30.449
A,232,PHE,29.791
A,233,LEU,32.324
A,234,GLN,30.855
A,235,ILE,27.54
A,236,LEU,29.168
A,237,ARG,30.903
A,238,MET,27.576
A,239,LEU,27.685
A,240,HIS,30.525
A,241,VAL,28.751
A,242,ASP,26.642
A,243,ARG,29.605
A,244,GLN,28.88
A,245,GLY,25.896
A,246,GLY,23.107
A,247,THR,20.798
A,248,TRP,21.388
A,249,ARG,21.373
A,250,LEU,17.897
A,251,LEU,16.538
A,252,GLY,18.806
A,253,SER,17.509
A,254,VAL,13.932
A,255,VAL,15.262
A,256,PHE,17.767
A,257,ILE,15.284
A,258,HIS,13.53
A,259,ARG,16.779
A,260,GLN,17.27
A,261,GLU,14.064
A,262,LEU,14.15
A,263,ILE,17.664
A,264,THR,16.987
A,265,THR,14.1
A,266,LEU,15.594
A,267,TYR,18.865
A,268,ILE,17.814
A,269,GLY,15.13
A,270,PHE,17.74
A,271,LEU,20.222
A,272,GLY,18.14
A,273,LEU,16.906
A,274,ILE,20.487
A,275,PHE,21.829
A,276,SER,18.995
A,277,SER,18.405
A,278,TYR,22.058
A,279,PHE,22.199
A,280,VAL,19.134
A,281,TYR,20.587
A,282,LEU,23.66
A,283,ALA,22.02
A,284,GLU,19.38
A,285,LYS,21.046
A,286,ASP,21.363
A,287,ALA,18.182
A,288,VAL,15.516
A,289,ASN,11.788
A,290,GLU,10.046
A,291,SER,8.199
A,292,GLY,11.759
A,293,ARG,13.044
A,294,VAL,15.308
A,295,GLU,13.717
A,296,PHE,16.714
A,297,GLY,19.219
A,298,SER,21.471
A,299,TYR,21.693
A,300,ALA,20.121
A,301,ASP,16.917
A,302,ALA,16.856
A,303,LEU,17.23
A,304,TRP,14.485
A,305,TRP,12.351
A,306,GLY,13.462
A,307,VAL,12.429
A,308,VAL,9.023
A,309,THR,8.612
A,310,VAL,9.727
A,311,THR,7.295
A,312,THR,4.329
A,313,ILE,4.02
A,314,GLY,4.109
A,315,TYR,4.155
A,316,GLY,4.326
A,317,ASP,6.512
A,318,LYS,9.455
A,319,VAL,9.811
A,320,PRO,13.52
A,321,GLN,14.844
A,322,THR,18.55
A,323,TRP,19.945
A,324,VAL,21.385
A,325,GLY,18.175
A,326,LYS,16.408
A,327,THR,19.018
A,328,ILE,18.659
A,329,ALA,14.875
A,330,SER,14.913
A,331,CYS,16.835
A,332,PHE,15.122
A,333,SER,11.55
A,334,VAL,12.453
A,335,PHE,13.662
A,336,ALA,13.053
A,337,ILE,9.28
A,338,SER,8.641
A,339,PHE,10.935
A,340,PHE,9.176
A,341,ALA,5.695
A,342,LEU,7.217
A,343,PRO,8.674
A,344,ALA,5.933
A,345,GLY,3.907
A,346,ILE,6.83
A,347,LEU,8.277
A,348,GLY,5.838
A,349,SER,3.927
A,350,GLY,7.325
A,351,PHE,8.977
A,352,ALA,6.813
A,353,LEU,5.766
A,354,LYS,9.504
A,355,VAL,10.578
A,356,GLN,8.167
A,357,GLN,8.87
A,358,LYS,12.524
A,359,GLN,12.338
A,360,ARG,10.694
A,361,GLN,13.773
A,362,LYS,15.053
A,363,HIS,18.235
A,364,PHE,21.462
A,365,ASN,22.283
A,366,ARG,19.297
A,367,GLN,21.359
A,368,ILE,24.692
A,369,PRO,24.081
A,370,ALA,22.953
A,371,ALA,25.965
A,372,ALA,28.274
A,373,SER,26.87
A,374,LEU,27.647
A,375,ILE,31.16
A,376,GLN,32.072
A,377,THR,30.661
A,378,ALA,32.713
A,379,TRP,35.758
A,380,ARG,35.317
A,381,CYS,35.547
A,382,TYR,38.684
A,383,ALA,40.179
A,384,ALA,39.743
A,385,GLU,42.812
A,386,ASN,45.199
A,387,PRO,45.674
A,388,ASP,47.161
A,389,SER,44.266
A,390,SER,42.428
A,391,THR,39.065
A,392,TRP,39.18
A,393,LYS,38.97
A,394,ILE,35.218
A,395,TYR,34.805
A,396,ILE,35.689
A,506,LEU,42.579
A,507,ARG,42.116
A,508,GLU,43.727
A,509,HIS,40.937
A,510,HIS,38.391
A,511,ARG,40.121
A,512,ALA,38.977
A,513,THR,35.417
A,514,ILE,34.888
A,515,LYS,35.997
A,516,VAL,33.537
A,517,ILE,30.589
A,518,ARG,31.695
A,519,ARG,31.608
A,520,MET,28.141
A,521,GLN,27.021
A,522,TYR,28.469
A,523,PHE,26.42
A,524,VAL,23.187
A,525,ALA,24.063
A,526,LYS,24.572
A,527,LYS,21.17
A,528,LYS,19.511
A,529,PHE,21.545
A,530,GLN,19.983
A,531,GLN,16.496
A,532,ALA,17.45
A,533,ARG,17.983
A,534,LYS,14.54
A,535,PRO,11.581
A,536,TYR,8.881
A,537,ASP,6.615
A,538,VAL,4.928
A,539,ARG,8.521
A,540,ASP,8.436
A,541,VAL,5.099
A,542,ILE,6.882
A,543,GLU,9.702
A,544,GLN,8.319
A,545,TYR,5.634
A,546,SER,8.94
A,547,GLN,10.23
A,548,GLY,7.238
A,549,HIS,6.187
A,550,LEU,9.737
A,551,ASN,9.664
A,552,LEU,6.15
A,553,MET,7.445
A,554,VAL,10.163
A,555,ARG,7.959
A,556,ILE,5.687
A,557,LYS,9.214
A,558,GLU,9.674
A,559,LEU,6.295
A,560,GLN,7.302
A,561,ARG,10.376
A,562,ARG,8.99
A,563,LEU,6.047
A,564,ASP,9.187
A,565,GLN,10.756
A,566,SER,8.231
A,567,ILE,6.325
A,568,GLY,9.503
B,6,THR,46.962
B,7,GLU,48.425
B,8,GLU,48.553
B,9,GLN,45.028
B,10,ILE,43.645
B,11,ALA,45.582
B,12,GLU,43.728
B,13,PHE,40.404
B,14,LYS,40.853
B,15,GLU,41.662
B,16,ALA,38.539
B,17,PHE,36.395
B,18,SER,37.568
B,19,LEU,36.071
B,20,PHE,32.586
B,21,ASP,33.125
B,22,LYS,34.462
B,23,ASP,35.096
B,24,GLY,36.794
B,25,ASP,33.889
B,26,GLY,34.439
B,27,THR,30.668
B,28,ILE,28.416
B,29,THR,24.923
B,30,THR,22.239
B,31,LYS,22.68
B,32,GLU,26.46
B,33,LEU,26.474
B,34,GLY,24.091
B,35,THR,26.32
B,36,VAL,29.32
B,37,MET,27.716
B,38,ARG,26.444
B,39,SER,29.865
B,40,LEU,31.317
B,41,GLY,28.972
B,42,GLN,26.918
B,43,ASN,23.206
B,44,PRO,21.525
B,45,THR,17.799
B,46,GLU,16.382
B,47,ALA,15.516
B,48,GLU,19.007
B,49,LEU,20.696
B,50,GLN,18.688
B,51,ASP,19.18
B,52,MET,22.927
B,53,ILE,23.303
B,54,ASN,21.19
B,55,GLU,23.402
B,56,VAL,26.517
B,57,ASP,26.12
B,58,ALA,26.143
B,59,ASP,26.198
B,60,GLY,22.628
B,61,ASN,23.693
B,62,GLY,22.362
B,63,THR,25.635
B,64,ILE,28.432
B,65,ASP,31.66
B,66,PHE,34.912
B,67,PRO,35.177
B,68,GLU,31.668
B,69,PHE,33.024
B,70,LEU,36.063
B,71,THR,33.866
B,72,MET,32.211
B,73,MET,35.662
B,74,ALA,37.037
B,75,ARG,34.769
B,76,LYS,36.016
B,77,MET,34.894
B,78,LYS,37.093
B,79,ASP,34.469
B,80,THR,33.083
B,81,ASP,29.625
B,82,SER,30.645
B,83,GLU,33.084
B,84,GLU,30.328
B,85,GLU,28.071
B,86,ILE,30.838
B,87,ARG,31.939
B,88,GLU,28.453
B,89,ALA,28.423
B,90,PHE,31.725
B,91,ARG,30.612
B,92,VAL,28.382
B,93,PHE,31.567
B,94,ASP,33.539
B,95,LYS,34.636
B,96,ASP,35.232
B,97,GLY,33.918
B,98,ASN,37.252
B,99,GLY,37.62
B,100,TYR,39.607
B,101,ILE,38.666
B,102,SER,40.942
B,103,ALA,42.312
B,104,ALA,41.268
B,105,GLU,37.939
B,106,LEU,37.329
B,107,ARG,38.339
B,108,HIS,35.947
B,109,VAL,33.069
B,110,MET,33.894
B,111,THR,34.029
B,112,ASN,31.108
B,113,LEU,28.312
B,114,GLY,25.958
B,115,GLU,27.52
B,116,LYS,30.256
B,117,LEU,33.615
B,118,THR,36.317
B,119,ASP,39.137
B,120,GLU,41.727
B,121,GLU,39.87
B,122,VAL,39.757
B,123,ASP,43.489
B,124,GLU,43.998
B,125,MET,41.553
B,126,ILE,43.295
B,127,ARG,46.766
B,128,GLU,45.712
B,129,ALA,45.675
B,130,ASP,48.254
B,131,ILE,47.142
B,132,ASP,49.996
B,133,GLY,50.42
B,134,ASP,49.151
B,135,GLY,46.713
B,136,GLN,44.26
B,137,VAL,43.057
B,138,ASN,41.754
B,139,TYR,38.689
B,140,GLU,38.853
B,141,GLU,42.064
B,142,PHE,39.877
B,143,VAL,37.499
B,144,GLN,40.478
B,145,MET,41.942
B,146,MET,39.014
B,147,THR,38.356
B,148,ALA,42.051
B,149,LYS,41.247
C,104,THR,47.56
C,105,HIS,46.111
C,106,VAL,46.428
C,107,GLN,45.051
C,108,GLY,41.765
C,109,ARG,41.809
C,110,VAL,41.749
C,111,TYR,39.297
C,112,ASN,36.851
C,113,PHE,37.584
C,114,LEU,36.766
C,115,GLU,34.513
C,116,ARG,32.207
C,117,PRO,32.367
C,118,THR,31.502
C,119,GLY,32.784
C,120,TRP,34.146
C,121,LYS,37.09
C,122,CYS,34.919
C,123,PHE,32.395
C,124,VAL,35.145
C,125,TYR,36.25
C,126,HIS,32.919
C,127,PHE,31.655
C,128,ALA,34.734
C,129,VAL,34.185
C,130,PHE,30.493
C,131,LEU,31.416
C,132,ILE,33.964
C,133,VAL,31.804
C,134,LEU,28.855
C,135,VAL,31.087
C,136,CYS,32.295
C,137,LEU,28.726
C,138,ILE,27.921
C,139,PHE,30.7
C,140,SER,29.367
C,141,VAL,26.021
C,142,LEU,27.73
C,143,SER,29.691
C,144,THR,26.614
C,145,ILE,25.485
C,146,GLU,26.872
C,147,GLN,28.302
C,148,TYR,30.315
C,149,ALA,31.187
C,150,ALA,34.744
C,151,LEU,35.538
C,152,ALA,33.732
C,153,THR,35.65
C,154,GLY,39.03
C,155,THR,38.424
C,156,LEU,36.847
C,157,PHE,39.947
C,158,TRP,42.018
C,159,MET,39.424
C,160,GLU,39.22
C,161,ILE,42.991
C,162,VAL,42.809
C,163,LEU,39.855
C,164,VAL,41.568
C,165,VAL,44.559
C,166,PHE,42.376
C,167,PHE,40.08
C,168,GLY,43.12
C,169,THR,44.755
C,170,GLU,41.594
C,171,TYR,41.232
C,172,VAL,44.844
C,173,VAL,44.411
C,174,ARG,41.118
C,175,LEU,42.752
C,176,TRP,45.609
C,177,SER,43.388
C,178,ALA,41.125
C,179,GLY,43.744
C,180,CYS,42.367
C,181,ARG,39.655
C,182,SER,40.944
C,183,LYS,39.623
C,184,TYR,41.726
C,185,VAL,45.025
C,186,GLY,48.018
C,187,LEU,48.814
C,188,TRP,46.668
C,189,GLY,43.905
C,190,ARG,44.193
C,191,LEU,43.954
C,192,ARG,40.885
C,193,PHE,39.458
C,194,ALA,40.081
C,195,ARG,38.31
C,196,LYS,34.776
C,197,PRO,32.603
C,198,ILE,32.11
C,199,SER,35.91
C,200,ILE,36.276
C,201,ILE,33.742
C,202,ASP,35.829
C,203,LEU,39.037
C,204,ILE,37.618
C,205,VAL,36.381
C,206,VAL,39.806
C,207,VAL,41.926
C,208,ALA,39.715
C,209,SER,39.833
C,210,MET,43.62
C,211,VAL,43.495
C,212,VAL,41.063
C,213,LEU,43.02
C,214,CYS,46.282
C,215,VAL,45.062
C,216,GLY,42.847
C,217,SER,45.617
C,218,LYS,47.035
C,223,ALA,39.741
C,224,THR,36.074
C,225,SER,35.896
C,226,ALA,37.567
C,227,ILE,34.603
C,228,ARG,32.374
C,229,GLY,34.276
C,230,ILE,34.23
C,231,ARG,30.452
C,232,PHE,29.793
C,233,LEU,32.325
C,234,GLN,30.857
C,235,ILE,27.542
C,236,LEU,29.17
C,237,ARG,30.904
C,238,MET,27.579
C,239,LEU,27.686
C,240,HIS,30.526
C,241,VAL,28.751
C,242,ASP,26.643
C,243,ARG,29.605
C,244,GLN,28.881
C,245,GLY,25.897
C,246,GLY,23.107
C,247,THR,20.798
C,248,TRP,21.39
C,249,ARG,21.374
C,250,LEU,17.897
C,251,LEU,16.539
C,252,GLY,18.806
C,253,SER,17.51
C,254,VAL,13.933
C,255,VAL,15.262
C,256,PHE,17.768
C,257,ILE,15.285
C,258,HIS,13.531
C,259,ARG,16.78
C,260,GLN,17.272
C,261,GLU,14.065
C,262,LEU,14.15
C,263,ILE,17.665
C,264,THR,16.987
C,265,THR,14.1
C,266,LEU,15.595
C,267,TYR,18.865
C,268,ILE,17.814
C,269,GLY,15.13
C,270,PHE,17.74
C,271,LEU,20.221
C,272,GLY,18.139
C,273,LEU,16.905
C,274,ILE,20.486
C,275,PHE,21.827
C,276,SER,18.994
C,277,SER,18.405
C,278,TYR,22.057
C,279,PHE,22.198
C,280,VAL,19.132
C,281,TYR,20.585
C,282,LEU,23.658
C,283,ALA,22.018
C,284,GLU,19.378
C,285,LYS,21.043
C,286,ASP,21.359
C,287,ALA,18.178
C,288,VAL,15.514
C,289,ASN,11.784
C,290,GLU,10.042
C,291,SER,8.196
C,292,GLY,11.756
C,293,ARG,13.041
C,294,VAL,15.306
C,295,GLU,13.715
C,296,PHE,16.712
C,297,GLY,19.218
C,298,SER,21.47
C,299,TYR,21.692
C,300,ALA,20.121
C,301,ASP,16.917
C,302,ALA,16.856
C,303,LEU,17.229
C,304,TRP,14.485
C,305,TRP,12.35
C,306,GLY,13.461
C,307,VAL,12.429
C,308,VAL,9.023
C,309,THR,8.611
C,310,VAL,9.726
C,311,THR,7.295
C,312,THR,4.329
C,313,ILE,4.02
C,314,GLY,4.108
C,315,TYR,4.156
C,316,GLY,4.325
C,317,ASP,6.511
C,318,LYS,9.454
C,319,VAL,9.81
C,320,PRO,13.517
C,321,GLN,14.841
C,322,THR,18.546
C,323,TRP,19.941
C,324,VAL,21.383
C,325,GLY,18.172
C,326,LYS,16.405
C,327,THR,19.016
C,328,ILE,18.657
C,329,ALA,14.872
C,330,SER,14.911
C,331,CYS,16.834
C,332,PHE,15.12
C,333,SER,11.548
C,334,VAL,12.452
C,335,PHE,13.661
C,336,ALA,13.052
C,337,ILE,9.279
C,338,SER,8.64
C,339,PHE,10.934
C,340,PHE,9.176
C,341,ALA,5.696
C,342,LEU,7.217
C,343,PRO,8.674
C,344,ALA,5.934
C,345,GLY,3.907
C,346,ILE,6.83
C,347,LEU,8.278
C,348,GLY,5.839
C,349,SER,3.928
C,350,GLY,7.325
C,351,PHE,8.977
C,352,ALA,6.813
C,353,LEU,5.766
C,354,LYS,9.504
C,355,VAL,10.578
C,356,GLN,8.166
C,357,GLN,8.869
C,358,LYS,12.523
C,359,GLN,12.336
C,360,ARG,10.692
C,361,GLN,13.772
C,362,LYS,15.052
C,363,HIS,18.233
C,364,PHE,21.461
C,365,ASN,22.281
C,366,ARG,19.296
C,367,GLN,21.357
C,368,ILE,24.69
C,369,PRO,24.079
C,370,ALA,22.951
C,371,ALA,25.963
C,372,ALA,28.272
C,373,SER,26.869
C,374,LEU,27.646
C,375,ILE,31.158
C,376,GLN,32.071
C,377,THR,30.661
C,378,ALA,32.712
C,379,TRP,35.757
C,380,ARG,35.316
C,381,CYS,35.547
C,382,TYR,38.684
C,383,ALA,40.179
C,384,ALA,39.742
C,385,GLU,42.812
C,386,ASN,45.198
C,387,PRO,45.674
C,388,ASP,47.161
C,389,SER,44.265
C,390,SER,42.427
C,391,THR,39.063
C,392,TRP,39.179
C,393,LYS,38.969
C,394,ILE,35.217
C,395,TYR,34.804
C,396,ILE,35.688
C,506,LEU,42.579
C,507,ARG,42.116
C,508,GLU,43.727
C,509,HIS,40.938
C,510,HIS,38.391
C,511,ARG,40.12
C,512,ALA,38.977
C,513,THR,35.418
C,514,ILE,34.887
C,515,LYS,35.998
C,516,VAL,33.537
C,517,ILE,30.59
C,518,ARG,31.695
C,519,ARG,31.608
C,520,MET,28.141
C,521,GLN,27.021
C,522,TYR,28.468
C,523,PHE,26.42
C,524,VAL,23.187
C,525,ALA,24.063
C,526,LYS,24.571
C,527,LYS,21.17
C,528,LYS,19.511
C,529,PHE,21.545
C,530,GLN,19.983
C,531,GLN,16.496
C,532,ALA,17.449
C,533,ARG,17.983
C,534,LYS,14.54
C,535,PRO,11.58
C,536,TYR,8.88
C,537,ASP,6.614
C,538,VAL,4.929
C,539,ARG,8.522
C,540,ASP,8.436
C,541,VAL,5.099
C,542,ILE,6.883
C,543,GLU,9.701
C,544,GLN,8.319
C,545,TYR,5.635
C,546,SER,8.942
C,547,GLN,10.23
C,548,GLY,7.238
C,549,HIS,6.188
C,550,LEU,9.739
C,551,ASN,9.664
C,552,LEU,6.15
C,553,MET,7.448
C,554,VAL,10.164
C,555,ARG,7.959
C,556,ILE,5.688
C,557,LYS,9.217
C,558,GLU,9.675
C,559,LEU,6.295
C,560,GLN,7.306
C,561,ARG,10.379
C,562,ARG,8.991
C,563,LEU,6.049
C,564,ASP,9.192
C,565,GLN,10.758
C,566,SER,8.232
C,567,ILE,6.329
C,568,GLY,9.508
D,6,THR,46.947
D,7,GLU,48.407
D,8,GLU,48.54
D,9,GLN,45.017
D,10,ILE,43.628
D,11,ALA,45.566
D,12,GLU,43.72
D,13,PHE,40.392
D,14,LYS,40.832
D,15,GLU,41.649
D,16,ALA,38.531
D,17,PHE,36.378
D,18,SER,37.549
D,19,LEU,36.062
D,20,PHE,32.574
D,21,ASP,33.098
D,22,LYS,34.436
D,23,ASP,35.055
D,24,GLY,36.746
D,25,ASP,33.84
D,26,GLY,34.397
D,27,THR,30.627
D,28,ILE,28.386
D,29,THR,24.89
D,30,THR,22.219
D,31,LYS,22.661
D,32,GLU,26.44
D,33,LEU,26.468
D,34,GLY,24.097
D,35,THR,26.326
D,36,VAL,29.33
D,37,MET,27.739
D,38,ARG,26.476
D,39,SER,29.896
D,40,LEU,31.356
D,41,GLY,29.024
D,42,GLN,26.968
D,43,ASN,23.257
D,44,PRO,21.565
D,45,THR,17.837
D,46,GLU,16.394
D,47,ALA,15.529
D,48,GLU,19.029
D,49,LEU,20.701
D,50,GLN,18.68
D,51,ASP,19.183
D,52,MET,22.929
D,53,ILE,23.289
D,54,ASN,21.172
D,55,GLU,23.392
D,56,VAL,26.501
D,57,ASP,26.092
D,58,ALA,26.111
D,59,ASP,26.156
D,60,GLY,22.583
D,61,ASN,23.639
D,62,GLY,22.319
D,63,THR,25.596
D,64,ILE,28.401
D,65,ASP,31.623
D,66,PHE,34.881
D,67,PRO,35.146
D,68,GLU,31.641
D,69,PHE,33.004
D,70,LEU,36.044
D,71,THR,33.847
D,72,MET,32.2
D,73,MET,35.654
D,74,ALA,37.026
D,75,ARG,34.76
D,76,LYS,36.013
D,77,MET,34.899
D,78,LYS,37.095
D,79,ASP,34.467
D,80,THR,33.078
D,81,ASP,29.624
D,82,SER,30.649
D,83,GLU,33.091
D,84,GLU,30.334
D,85,GLU,28.083
D,86,ILE,30.856
D,87,ARG,31.954
D,88,GLU,28.471
D,89,ALA,28.45
D,90,PHE,31.754
D,91,ARG,30.637
D,92,VAL,28.416
D,93,PHE,31.607
D,94,ASP,33.571
D,95,LYS,34.668
D,96,ASP,35.253
D,97,GLY,33.936
D,98,ASN,37.265
D,99,GLY,37.637
D,100,TYR,39.633
D,101,ILE,38.703
D,102,SER,40.986
D,103,ALA,42.362
D,104,ALA,41.328
D,105,GLU,37.995
D,106,LEU,37.382
D,107,ARG,38.401
D,108,HIS,36.015
D,109,VAL,33.13
D,110,MET,33.953
D,111,THR,34.1
D,112,ASN,31.183
D,113,LEU,28.379
D,114,GLY,26.019
D,115,GLU,27.579
D,116,LYS,30.326
D,117,LEU,33.68
D,118,THR,36.386
D,119,ASP,39.21
D,120,GLU,41.795
D,121,GLU,39.928
D,122,VAL,39.815
D,123,ASP,43.549
D,124,GLU,44.05
D,125,MET,41.599
D,126,ILE,43.342
D,127,ARG,46.812
D,128,GLU,45.748
D,129,ALA,45.708
D,130,ASP,48.286
D,131,ILE,47.181
D,132,ASP,50.034
D,133,GLY,50.452
D,134,ASP,49.187
D,135,GLY,46.756
D,136,GLN,44.294
D,137,VAL,43.089
D,138,ASN,41.777
D,139,TYR,38.713
D,140,GLU,38.869
D,141,GLU,42.083
D,142,PHE,39.901
D,143,VAL,37.516
D,144,GLN,40.49
D,145,MET,41.961
D,146,MET,39.034
D,147,THR,38.367
D,148,ALA,42.06
D,149,LYS,41.257
E,104,THR,47.561
E,105,HIS,46.112
E,106,VAL,46.428
E,107,GLN,45.052
E,108,GLY,41.765
E,109,ARG,41.81
E,110,VAL,41.749
E,111,TYR,39.298
E,112,ASN,36.852
E,113,PHE,37.584
E,114,LEU,36.767
E,115,GLU,34.514
E,116,ARG,32.207
E,117,PRO,32.367
E,118,THR,31.501
E,119,GLY,32.784
E,120,TRP,34.146
E,121,LYS,37.089
E,122,CYS,34.918
E,123,PHE,32.396
E,124,VAL,35.144
E,125,TYR,36.249
E,126,HIS,32.92
E,127,PHE,31.654
E,128,ALA,34.734
E,129,VAL,34.185
E,130,PHE,30.493
E,131,LEU,31.414
E,132,ILE,33.963
E,133,VAL,31.803
E,134,LEU,28.854
E,135,VAL,31.085
E,136,CYS,32.294
E,137,LEU,28.725
E,138,ILE,27.92
E,139,PHE,30.698
E,140,SER,29.367
E,141,VAL,26.02
E,142,LEU,27.729
E,143,SER,29.689
E,144,THR,26.613
E,145,ILE,25.484
E,146,GLU,26.87
E,147,GLN,28.299
E,148,TYR,30.312
E,149,ALA,31.185
E,150,ALA,34.742
E,151,LEU,35.536
E,152,ALA,33.73
E,153,THR,35.649
E,154,GLY,39.028
E,155,THR,38.422
E,156,LEU,36.846
E,157,PHE,39.946
E,158,TRP,42.017
E,159,MET,39.424
E,160,GLU,39.219
E,161,ILE,42.99
E,162,VAL,42.808
E,163,LEU,39.855
E,164,VAL,41.568
E,165,VAL,44.558
E,166,PHE,42.375
E,167,PHE,40.08
E,168,GLY,43.12
E,169,THR,44.754
E,170,GLU,41.594
E,171,TYR,41.231
E,172,VAL,44.844
E,173,VAL,44.412
E,174,ARG,41.119
E,175,LEU,42.752
E,176,TRP,45.609
E,177,SER,43.388
E,178,ALA,41.125
E,179,GLY,43.744
E,180,CYS,42.367
E,181,ARG,39.656
E,182,SER,40.945
E,183,LYS,39.623
E,184,TYR,41.726
E,185,VAL,45.026
E,186,GLY,48.019
E,187,LEU,48.815
E,188,TRP,46.668
E,189,GLY,43.906
E,190,ARG,44.193
E,191,LEU,43.955
E,192,ARG,40.885
E,193,PHE,39.459
E,194,ALA,40.082
E,195,ARG,38.311
E,196,LYS,34.777
E,197,PRO,32.603
E,198,ILE,32.111
E,199,SER,35.91
E,200,ILE,36.275
E,201,ILE,33.742
E,202,ASP,35.829
E,203,LEU,39.038
E,204,ILE,37.619
E,205,VAL,36.38
E,206,VAL,39.805
E,207,VAL,41.927
E,208,ALA,39.716
E,209,SER,39.833
E,210,MET,43.619
E,211,VAL,43.494
E,212,VAL,41.062
E,213,LEU,43.019
E,214,CYS,46.282
E,215,VAL,45.062
E,216,GLY,42.846
E,217,SER,45.617
E,218,LYS,47.034
E,223,ALA,39.74
E,224,THR,36.073
E,225,SER,35.896
E,226,ALA,37.567
E,227,ILE,34.602
E,228,ARG,32.373
E,229,GLY,34.277
E,230,ILE,34.229
E,231,ARG,30.451
E,232,PHE,29.793
E,233,LEU,32.325
E,234,GLN,30.856
E,235,ILE,27.542
E,236,LEU,29.169
E,237,ARG,30.903
E,238,MET,27.577
E,239,LEU,27.686
E,240,HIS,30.526
E,241,VAL,28.752
E,242,ASP,26.643
E,243,ARG,29.605
E,244,GLN,28.881
E,245,GLY,25.897
E,246,GLY,23.107
E,247,THR,20.799
E,248,TRP,21.39
E,249,ARG,21.375
E,250,LEU,17.898
E,251,LEU,16.54
E,252,GLY,18.807
E,253,SER,17.51
E,254,VAL,13.933
E,255,VAL,15.263
E,256,PHE,17.769
E,257,ILE,15.285
E,258,HIS,13.532
E,259,ARG,16.78
E,260,GLN,17.273
E,261,GLU,14.066
E,262,LEU,14.151
E,263,ILE,17.666
E,264,THR,16.988
E,265,THR,14.102
E,266,LEU,15.596
E,267,TYR,18.866
E,268,ILE,17.816
E,269,GLY,15.131
E,270,PHE,17.742
E,271,LEU,20.223
E,272,GLY,18.141
E,273,LEU,16.908
E,274,ILE,20.489
E,275,PHE,21.83
E,276,SER,18.997
E,277,SER,18.407
E,278,TYR,22.06
E,279,PHE,22.2
E,280,VAL,19.136
E,281,TYR,20.588
E,282,LEU,23.661
E,283,ALA,22.021
E,284,GLU,19.381
E,285,LYS,21.048
E,286,ASP,21.363
E,287,ALA,18.183
E,288,VAL,15.518
E,289,ASN,11.788
E,290,GLU,10.046
E,291,SER,8.2
E,292,GLY,11.761
E,293,ARG,13.045
E,294,VAL,15.31
E,295,GLU,13.72
E,296,PHE,16.716
E,297,GLY,19.221
E,298,SER,21.474
E,299,TYR,21.695
E,300,ALA,20.124
E,301,ASP,16.92
E,302,ALA,16.858
E,303,LEU,17.232
E,304,TRP,14.487
E,305,TRP,12.353
E,306,GLY,13.464
E,307,VAL,12.432
E,308,VAL,9.025
E,309,THR,8.613
E,310,VAL,9.729
E,311,THR,7.297
E,312,THR,4.331
E,313,ILE,4.022
E,314,GLY,4.111
E,315,TYR,4.158
E,316,GLY,4.328
E,317,ASP,6.514
E,318,LYS,9.457
E,319,VAL,9.812
E,320,PRO,13.52
E,321,GLN,14.844
E,322,THR,18.549
E,323,TRP,19.944
E,324,VAL,21.386
E,325,GLY,18.174
E,326,LYS,16.408
E,327,THR,19.018
E,328,ILE,18.659
E,329,ALA,14.875
E,330,SER,14.913
E,331,CYS,16.836
E,332,PHE,15.122
E,333,SER,11.55
E,334,VAL,12.454
E,335,PHE,13.662
E,336,ALA,13.054
E,337,ILE,9.281
E,338,SER,8.642
E,339,PHE,10.936
E,340,PHE,9.178
E,341,ALA,5.697
E,342,LEU,7.219
E,343,PRO,8.675
E,344,ALA,5.935
E,345,GLY,3.909
E,346,ILE,6.831
E,347,LEU,8.278
E,348,GLY,5.84
E,349,SER,3.929
E,350,GLY,7.326
E,351,PHE,8.978
E,352,ALA,6.813
E,353,LEU,5.766
E,354,LYS,9.504
E,355,VAL,10.578
E,356,GLN,8.167
E,357,GLN,8.871
E,358,LYS,12.523
E,359,GLN,12.338
E,360,ARG,10.693
E,361,GLN,13.773
E,362,LYS,15.053
E,363,HIS,18.235
E,364,PHE,21.462
E,365,ASN,22.283
E,366,ARG,19.297
E,367,GLN,21.358
E,368,ILE,24.691
E,369,PRO,24.08
E,370,ALA,22.953
E,371,ALA,25.965
E,372,ALA,28.274
E,373,SER,26.869
E,374,LEU,27.646
E,375,ILE,31.16
E,376,GLN,32.072
E,377,THR,30.661
E,378,ALA,32.713
E,379,TRP,35.757
E,380,ARG,35.316
E,381,CYS,35.548
E,382,TYR,38.684
E,383,ALA,40.18
E,384,ALA,39.742
E,385,GLU,42.812
E,386,ASN,45.199
E,387,PRO,45.673
E,388,ASP,47.16
E,389,SER,44.266
E,390,SER,42.427
E,391,THR,39.064
E,392,TRP,39.18
E,393,LYS,38.97
E,394,ILE,35.217
E,395,TYR,34.804
E,396,ILE,35.688
E,506,LEU,42.579
E,507,ARG,42.116
E,508,GLU,43.726
E,509,HIS,40.937
E,510,HIS,38.391
E,511,ARG,40.12
E,512,ALA,38.976
E,513,THR,35.417
E,514,ILE,34.887
E,515,LYS,35.997
E,516,VAL,33.536
E,517,ILE,30.589
E,518,ARG,31.695
E,519,ARG,31.608
E,520,MET,28.141
E,521,GLN,27.021
E,522,TYR,28.469
E,523,PHE,26.42
E,524,VAL,23.187
E,525,ALA,24.064
E,526,LYS,24.572
E,527,LYS,21.171
E,528,LYS,19.511
E,529,PHE,21.545
E,530,GLN,19.983
E,531,GLN,16.497
E,532,ALA,17.45
E,533,ARG,17.983
E,534,LYS,14.541
E,535,PRO,11.581
E,536,TYR,8.881
E,537,ASP,6.614
E,538,VAL,4.929
E,539,ARG,8.521
E,540,ASP,8.437
E,541,VAL,5.099
E,542,ILE,6.883
E,543,GLU,9.701
E,544,GLN,8.32
E,545,TYR,5.635
E,546,SER,8.941
E,547,GLN,10.23
E,548,GLY,7.237
E,549,HIS,6.187
E,550,LEU,9.738
E,551,ASN,9.663
E,552,LEU,6.15
E,553,MET,7.446
E,554,VAL,10.163
E,555,ARG,7.959
E,556,ILE,5.687
E,557,LYS,9.215
E,558,GLU,9.675
E,559,LEU,6.294
E,560,GLN,7.303
E,561,ARG,10.377
E,562,ARG,8.989
E,563,LEU,6.047
E,564,ASP,9.189
E,565,GLN,10.755
E,566,SER,8.231
E,567,ILE,6.325
E,568,GLY,9.504
F,6,THR,46.947
F,7,GLU,48.404
F,8,GLU,48.537
F,9,GLN,45.016
F,10,ILE,43.625
F,11,ALA,45.561
F,12,GLU,43.714
F,13,PHE,40.387
F,14,LYS,40.826
F,15,GLU,41.64
F,16,ALA,38.525
F,17,PHE,36.37
F,18,SER,37.538
F,19,LEU,36.052
F,20,PHE,32.563
F,21,ASP,33.087
F,22,LYS,34.422
F,23,ASP,35.041
F,24,GLY,36.732
F,25,ASP,33.826
F,26,GLY,34.386
F,27,THR,30.617
F,28,ILE,28.376
F,29,THR,24.879
F,30,THR,22.209
F,31,LYS,22.648
F,32,GLU,26.428
F,33,LEU,26.459
F,34,GLY,24.086
F,35,THR,26.313
F,36,VAL,29.319
F,37,MET,27.731
F,38,ARG,26.465
F,39,SER,29.883
F,40,LEU,31.346
F,41,GLY,29.015
F,42,GLN,26.962
F,43,ASN,23.249
F,44,PRO,21.56
F,45,THR,17.833
F,46,GLU,16.387
F,47,ALA,15.527
F,48,GLU,19.027
F,49,LEU,20.696
F,50,GLN,18.675
F,51,ASP,19.182
F,52,MET,22.927
F,53,ILE,23.286
F,54,ASN,21.17
F,55,GLU,23.393
F,56,VAL,26.5
F,57,ASP,26.088
F,58,ALA,26.106
F,59,ASP,26.148
F,60,GLY,22.574
F,61,ASN,23.629
F,62,GLY,22.309
F,63,THR,25.587
F,64,ILE,28.394
F,65,ASP,31.615
F,66,PHE,34.874
F,67,PRO,35.141
F,68,GLU,31.637
F,69,PHE,33.001
F,70,LEU,36.042
F,71,THR,33.847
F,72,MET,32.201
F,73,MET,35.654
F,74,ALA,37.029
F,75,ARG,34.766
F,76,LYS,36.022
F,77,MET,34.909
F,78,LYS,37.109
F,79,ASP,34.481
F,80,THR,33.097
F,81,ASP,29.642
F,82,SER,30.665
F,83,GLU,33.11
F,84,GLU,30.356
F,85,GLU,28.102
F,86,ILE,30.875
F,87,ARG,31.977
F,88,GLU,28.494
F,89,ALA,28.47
F,90,PHE,31.775
F,91,ARG,30.662
F,92,VAL,28.44
F,93,PHE,31.63
F,94,ASP,33.597
F,95,LYS,34.696
F,96,ASP,35.283
F,97,GLY,33.965
F,98,ASN,37.297
F,99,GLY,37.665
F,100,TYR,39.658
F,101,ILE,38.726
F,102,SER,41.008
F,103,ALA,42.38
F,104,ALA,41.344
F,105,GLU,38.013
F,106,LEU,37.399
F,107,ARG,38.415
F,108,HIS,36.03
F,109,VAL,33.145
F,110,MET,33.965
F,111,THR,34.109
F,112,ASN,31.194
F,113,LEU,28.391
F,114,GLY,26.03
F,115,GLU,27.586
F,116,LYS,30.332
F,117,LEU,33.686
F,118,THR,36.39
F,119,ASP,39.215
F,120,GLU,41.799
F,121,GLU,39.933
F,122,VAL,39.824
F,123,ASP,43.558
F,124,GLU,44.059
F,125,MET,41.61
F,126,ILE,43.355
F,127,ARG,46.825
F,128,GLU,45.762
F,129,ALA,45.725
F,130,ASP,48.306
F,131,ILE,47.2
F,132,ASP,50.056
F,133,GLY,50.476
F,134,ASP,49.212
F,135,GLY,46.777
F,136,GLN,44.318
F,137,VAL,43.111
F,138,ASN,41.801
F,139,TYR,38.735
F,140,GLU,38.892
F,141,GLU,42.104
F,142,PHE,39.92
F,143,VAL,37.536
F,144,GLN,40.51
F,145,MET,41.977
F,146,MET,39.047
F,147,THR,38.382
F,148,ALA,42.075
F,149,LYS,41.268
G,104,THR,47.562
G,105,HIS,46.114
G,106,VAL,46.43
G,107,GLN,45.053
G,108,GLY,41.766
G,109,ARG,41.811
G,110,VAL,41.75
G,111,TYR,39.299
G,112,ASN,36.853
G,113,PHE,37.585
G,114,LEU,36.768
G,115,GLU,34.515
G,116,ARG,32.209
G,117,PRO,32.369
G,118,THR,31.504
G,119,GLY,32.785
G,120,TRP,34.147
G,121,LYS,37.091
G,122,CYS,34.921
G,123,PHE,32.397
G,124,VAL,35.146
G,125,TYR,36.252
G,126,HIS,32.922
G,127,PHE,31.657
G,128,ALA,34.736
G,129,VAL,34.188
G,130,PHE,30.495
G,131,LEU,31.417
G,132,ILE,33.967
G,133,VAL,31.806
G,134,LEU,28.857
G,135,VAL,31.088
G,136,CYS,32.298
G,137,LEU,28.728
G,138,ILE,27.923
G,139,PHE,30.702
G,140,SER,29.369
G,141,VAL,26.022
G,142,LEU,27.732
G,143,SER,29.692
G,144,THR,26.615
G,145,ILE,25.487
G,146,GLU,26.874
G,147,GLN,28.303
G,148,TYR,30.317
G,149,ALA,31.188
G,150,ALA,34.745
G,151,LEU,35.539
G,152,ALA,33.734
G,153,THR,35.652
G,154,GLY,39.031
G,155,THR,38.425
G,156,LEU,36.849
G,157,PHE,39.948
G,158,TRP,42.019
G,159,MET,39.426
G,160,GLU,39.221
G,161,ILE,42.993
G,162,VAL,42.81
G,163,LEU,39.857
G,164,VAL,41.57
G,165,VAL,44.56
G,166,PHE,42.378
G,167,PHE,40.081
G,168,GLY,43.121
G,169,THR,44.756
G,170,GLU,41.595
G,171,TYR,41.233
G,172,VAL,44.845
G,173,VAL,44.413
G,174,ARG,41.12
G,175,LEU,42.753
G,176,TRP,45.611
G,177,SER,43.389
G,178,ALA,41.126
G,179,GLY,43.745
G,180,CYS,42.369
G,181,ARG,39.657
G,182,SER,40.946
G,183,LYS,39.624
G,184,TYR,41.728
G,185,VAL,45.027
G,186,GLY,48.02
G,187,LEU,48.816
G,188,TRP,46.67
G,189,GLY,43.906
G,190,ARG,44.194
G,191,LEU,43.956
G,192,ARG,40.886
G,193,PHE,39.46
G,194,ALA,40.083
G,195,ARG,38.311
G,196,LYS,34.778
G,197,PRO,32.604
G,198,ILE,32.112
G,199,SER,35.911
G,200,ILE,36.277
G,201,ILE,33.743
G,202,ASP,35.83
G,203,LEU,39.039
G,204,ILE,37.62
G,205,VAL,36.381
G,206,VAL,39.807
G,207,VAL,41.927
G,208,ALA,39.716
G,209,SER,39.834
G,210,MET,43.621
G,211,VAL,43.496
G,212,VAL,41.064
G,213,LEU,43.021
G,214,CYS,46.283
G,215,VAL,45.063
G,216,GLY,42.848
G,217,SER,45.618
G,218,LYS,47.036
G,223,ALA,39.741
G,224,THR,36.075
G,225,SER,35.897
G,226,ALA,37.568
G,227,ILE,34.604
G,228,ARG,32.374
G,229,GLY,34.277
G,230,ILE,34.231
G,231,ARG,30.452
G,232,PHE,29.794
G,233,LEU,32.327
G,234,GLN,30.859
G,235,ILE,27.543
G,236,LEU,29.171
G,237,ARG,30.905
G,238,MET,27.579
G,239,LEU,27.687
G,240,HIS,30.527
G,241,VAL,28.753
G,242,ASP,26.645
G,243,ARG,29.607
G,244,GLN,28.882
G,245,GLY,25.898
G,246,GLY,23.108
G,247,THR,20.8
G,248,TRP,21.391
G,249,ARG,21.375
G,250,LEU,17.899
G,251,LEU,16.541
G,252,GLY,18.808
G,253,SER,17.511
G,254,VAL,13.934
G,255,VAL,15.264
G,256,PHE,17.769
G,257,ILE,15.286
G,258,HIS,13.532
G,259,ARG,16.779
G,260,GLN,17.271
G,261,GLU,14.065
G,262,LEU,14.151
G,263,ILE,17.664
G,264,THR,16.987
G,265,THR,14.099
G,266,LEU,15.594
G,267,TYR,18.864
G,268,ILE,17.813
G,269,GLY,15.128
G,270,PHE,17.738
G,271,LEU,20.22
G,272,GLY,18.138
G,273,LEU,16.904
G,274,ILE,20.484
G,275,PHE,21.826
G,276,SER,18.992
G,277,SER,18.402
G,278,TYR,22.055
G,279,PHE,22.195
G,280,VAL,19.129
G,281,TYR,20.583
G,282,LEU,23.655
G,283,ALA,22.015
G,284,GLU,19.375
G,285,LYS,21.041
G,286,ASP,21.356
G,287,ALA,18.176
G,288,VAL,15.51
G,289,ASN,11.781
G,290,GLU,10.039
G,291,SER,8.193
G,292,GLY,11.752
G,293,ARG,13.038
G,294,VAL,15.302
G,295,GLU,13.712
G,296,PHE,16.71
G,297,GLY,19.214
G,298,SER,21.467
G,299,TYR,21.69
G,300,ALA,20.118
G,301,ASP,16.914
G,302,ALA,16.853
G,303,LEU,17.227
G,304,TRP,14.482
G,305,TRP,12.347
G,306,GLY,13.459
G,307,VAL,12.428
G,308,VAL,9.021
G,309,THR,8.608
G,310,VAL,9.724
G,311,THR,7.293
G,312,THR,4.327
G,313,ILE,4.018
G,314,GLY,4.105
G,315,TYR,4.154
G,316,GLY,4.322
G,317,ASP,6.509
G,318,LYS,9.451
G,319,VAL,9.806
G,320,PRO,13.514
G,321,GLN,14.837
G,322,THR,18.544
G,323,TRP,19.939
G,324,VAL,21.38
G,325,GLY,18.169
G,326,LYS,16.403
G,327,THR,19.013
G,328,ILE,18.655
G,329,ALA,14.87
G,330,SER,14.908
G,331,CYS,16.831
G,332,PHE,15.118
G,333,SER,11.546
G,334,VAL,12.449
G,335,PHE,13.659
G,336,ALA,13.05
G,337,ILE,9.277
G,338,SER,8.639
G,339,PHE,10.934
G,340,PHE,9.175
G,341,ALA,5.694
G,342,LEU,7.217
G,343,PRO,8.674
G,344,ALA,5.934
G,345,GLY,3.908
G,346,ILE,6.83
G,347,LEU,8.278
G,348,GLY,5.841
G,349,SER,3.929
G,350,GLY,7.327
G,351,PHE,8.979
G,352,ALA,6.815
G,353,LEU,5.768
G,354,LYS,9.505
G,355,VAL,10.58
G,356,GLN,8.168
G,357,GLN,8.871
G,358,LYS,12.524
G,359,GLN,12.339
G,360,ARG,10.693
G,361,GLN,13.774
G,362,LYS,15.054
G,363,HIS,18.235
G,364,PHE,21.463
G,365,ASN,22.283
G,366,ARG,19.298
G,367,GLN,21.359
G,368,ILE,24.692
G,369,PRO,24.081
G,370,ALA,22.954
G,371,ALA,25.966
G,372,ALA,28.275
G,373,SER,26.872
G,374,LEU,27.648
G,375,ILE,31.161
G,376,GLN,32.074
G,377,THR,30.663
G,378,ALA,32.715
G,379,TRP,35.759
G,380,ARG,35.319
G,381,CYS,35.55
G,382,TYR,38.687
G,383,ALA,40.182
G,384,ALA,39.745
G,385,GLU,42.814
G,386,ASN,45.201
G,387,PRO,45.676
G,388,ASP,47.163
G,389,SER,44.268
G,390,SER,42.429
G,391,THR,39.066
G,392,TRP,39.182
G,393,LYS,38.972
G,394,ILE,35.22
G,395,TYR,34.806
G,396,ILE,35.691
G,506,LEU,42.582
G,507,ARG,42.119
G,508,GLU,43.731
G,509,HIS,40.941
G,510,HIS,38.395
G,511,ARG,40.124
G,512,ALA,38.981
G,513,THR,35.421
G,514,ILE,34.89
G,515,LYS,36.001
G,516,VAL,33.54
G,517,ILE,30.592
G,518,ARG,31.697
G,519,ARG,31.611
G,520,MET,28.144
G,521,GLN,27.024
G,522,TYR,28.471
G,523,PHE,26.423
G,524,VAL,23.189
G,525,ALA,24.066
G,526,LYS,24.573
G,527,LYS,21.173
G,528,LYS,19.513
G,529,PHE,21.548
G,530,GLN,19.985
G,531,GLN,16.498
G,532,ALA,17.451
G,533,ARG,17.985
G,534,LYS,14.542
G,535,PRO,11.582
G,536,TYR,8.882
G,537,ASP,6.616
G,538,VAL,4.93
G,539,ARG,8.524
G,540,ASP,8.438
G,541,VAL,5.101
G,542,ILE,6.885
G,543,GLU,9.704
G,544,GLN,8.322
G,545,TYR,5.638
G,546,SER,8.944
G,547,GLN,10.233
G,548,GLY,7.24
G,549,HIS,6.191
G,550,LEU,9.742
G,551,ASN,9.667
G,552,LEU,6.153
G,553,MET,7.451
G,554,VAL,10.167
G,555,ARG,7.963
G,556,ILE,5.692
G,557,LYS,9.22
G,558,GLU,9.68
G,559,LEU,6.298
G,560,GLN,7.309
G,561,ARG,10.383
G,562,ARG,8.995
G,563,LEU,6.053
G,564,ASP,9.195
G,565,GLN,10.763
G,566,SER,8.237
G,567,ILE,6.333
G,568,GLY,9.512
H,6,THR,46.95
H,7,GLU,48.407
H,8,GLU,48.542
H,9,GLN,45.019
H,10,ILE,43.628
H,11,ALA,45.565
H,12,GLU,43.718
H,13,PHE,40.39
H,14,LYS,40.829
H,15,GLU,41.646
H,16,ALA,38.53
H,17,PHE,36.374
H,18,SER,37.542
H,19,LEU,36.057
H,20,PHE,32.568
H,21,ASP,33.092
H,22,LYS,34.427
H,23,ASP,35.046
H,24,GLY,36.737
H,25,ASP,33.83
H,26,GLY,34.39
H,27,THR,30.619
H,28,ILE,28.38
H,29,THR,24.884
H,30,THR,22.214
H,31,LYS,22.654
H,32,GLU,26.433
H,33,LEU,26.464
H,34,GLY,24.092
H,35,THR,26.319
H,36,VAL,29.325
H,37,MET,27.737
H,38,ARG,26.471
H,39,SER,29.889
H,40,LEU,31.352
H,41,GLY,29.02
H,42,GLN,26.968
H,43,ASN,23.255
H,44,PRO,21.565
H,45,THR,17.838
H,46,GLU,16.393
H,47,ALA,15.531
H,48,GLU,19.033
H,49,LEU,20.701
H,50,GLN,18.679
H,51,ASP,19.186
H,52,MET,22.932
H,53,ILE,23.29
H,54,ASN,21.172
H,55,GLU,23.396
H,56,VAL,26.503
H,57,ASP,26.09
H,58,ALA,26.108
H,59,ASP,26.149
H,60,GLY,22.575
H,61,ASN,23.631
H,62,GLY,22.312
H,63,THR,25.591
H,64,ILE,28.397
H,65,ASP,31.618
H,66,PHE,34.877
H,67,PRO,35.144
H,68,GLU,31.639
H,69,PHE,33.004
H,70,LEU,36.045
H,71,THR,33.849
H,72,MET,32.204
H,73,MET,35.657
H,74,ALA,37.032
H,75,ARG,34.769
H,76,LYS,36.026
H,77,MET,34.913
H,78,LYS,37.112
H,79,ASP,34.485
H,80,THR,33.101
H,81,ASP,29.644
H,82,SER,30.669
H,83,GLU,33.114
H,84,GLU,30.36
H,85,GLU,28.106
H,86,ILE,30.878
H,87,ARG,31.981
H,88,GLU,28.499
H,89,ALA,28.475
H,90,PHE,31.78
H,91,ARG,30.668
H,92,VAL,28.446
H,93,PHE,31.636
H,94,ASP,33.602
H,95,LYS,34.701
H,96,ASP,35.29
H,97,GLY,33.971
H,98,ASN,37.302
H,99,GLY,37.67
H,100,TYR,39.664
H,101,ILE,38.732
H,102,SER,41.012
H,103,ALA,42.386
H,104,ALA,41.35
H,105,GLU,38.019
H,106,LEU,37.403
H,107,ARG,38.419
H,108,HIS,36.035
H,109,VAL,33.15
H,110,MET,33.97
H,111,THR,34.115
H,112,ASN,31.199
H,113,LEU,28.397
H,114,GLY,26.035
H,115,GLU,27.592
H,116,LYS,30.337
H,117,LEU,33.691
H,118,THR,36.395
H,119,ASP,39.221
H,120,GLU,41.804
H,121,GLU,39.939
H,122,VAL,39.829
H,123,ASP,43.562
H,124,GLU,44.064
H,125,MET,41.615
H,126,ILE,43.361
H,127,ARG,46.829
H,128,GLU,45.767
H,129,ALA,45.731
H,130,ASP,48.311
H,131,ILE,47.205
H,132,ASP,50.06
H,133,GLY,50.481
H,134,ASP,49.217
H,135,GLY,46.782
H,136,GLN,44.324
H,137,VAL,43.117
H,138,ASN,41.806
H,139,TYR,38.74
H,140,GLU,38.897
H,141,GLU,42.108
H,142,PHE,39.924
H,143,VAL,37.54
H,144,GLN,40.514
H,145,MET,41.982
H,146,MET,39.052
H,147,THR,38.386
H,148,ALA,42.079
H,149,LYS,41.272
