mutation,peakCurrent_thisStudy,deltaV12act_thisStudy,het_PeakCurrent_thisStudy,Tail CD mean,Tail CD SE
R14D,1.08,6,NA,1.04,0.2
R14T,1.28,6,NA,1.25,0.16
R25E,1.74,0.7,NA,1.72,0.26
L38N,0.76,2.3,NA,0.85,0.17
E39F,0.31,1.1,NA,0.25,0.05
G119V,0.18,NA,NA,0.08,0.01
S143F,0.79,17.3,NA,0.88,0.17
A223L,0.37,47.2,NA,0.3,0.04
R228A,0.34,NA,NA,0.23,0.04
L282P,0.21,NA,NA,0.07,0.01
L353P,0.16,NA,NA,0.05,0
K467R,0.81,-4.9,NA,0.79,0.16
K467A,1.12,-4.5,NA,1,0.18
E473I,0.24,NA,NA,0.13,0.02
P477L,2.02,NA,NA,2.25,0.21
I514T,0.66,-12.9,NA,0.66,0.11
P570L,0.46,-7.7,NA,0.36,0.08
L659I,1.64,-12.6,NA,1.44,0.24
P660A,1.32,-10.1,NA,1.21,0.18
T666Y,0.3,NA,NA,0.13,0.02